{
  "model": "DecisionTree",
  "target": "label_8",
  "config": {
    "max_depth": 35,
    "min_samples_leaf": 5
  },
  "n_classes": 8,
  "n_features": 64,
  "model_size_mb": 1.144153,
  "metrics": {
    "accuracy": 0.9806312015942712,
    "balanced_accuracy": 0.858131861582744,
    "f1_macro": 0.8708056975783438,
    "f1_weighted": 0.9805191097986738,
    "precision_macro": 0.8862347765934806,
    "recall_macro": 0.858131861582744,
    "train_s": 496.03797602653503
  }
}